text,label
tidak karena hanya Beberapa kali menonton,label_0
tidak karena saya berhasil menahannya nafsu,label_0
Saya jarang menonton pornografi,label_0
saya tidak melihat konten pornografi di internet dengan sengaja,label_0
Tidak tertarik,label_0
Ga tertarik nonton porno,label_0
tidak tertarik sama sekali,label_0
jarang Nonton hanya waktu senggang dan tidak candu,label_0
tidak yakin saya kecanduan saya hanya menonton nya beberapa kali,label_0
tidak tertarik Karna kalau udah kecanduan pornografi akan merusak hidup rusak,label_0
tidak kecanduan karena Saya berpendapat bahwa pornografi akan lebih merusak pikiran,label_0
Belum kecanduan selalu mencari kegiatan yang bisa dilakukan agar lebih produktif,label_0
"Tidak, hanya sekedar senang menonton",label_0
Tidak no online/offline terhadap hal yang berbau pornografi,label_0
"Tidak, menurut saya konten pornografi akan menyebabkan kecanduan yang bisa merusak",label_0
"Tidak, saya berusaha selalu teguh pendirian. Sekali berprinsip tidak, maka tidak",label_0
"Tidak pernah, saya lebih menghangari dan mengutamakan prinsip. ( tidak untuk menikmati konten-konten pornografi )",label_0
"Tidak tertarik, bisa mengontrol diri sendiri. Mengerti batasan untuk diri sendiri, mana yang boleh dilakukan mana yang tidak",label_0
"Dari feeling saya sih engga kecanduan, biasa biasa aja",label_0
tidak suka nonton dan tidak kecanduan,label_0
kurang suka menonton seperti itu,label_0
Saya tidak pernah tertarik kepada pornografi,label_0
Tidak tertarik dan tidak merasa kecanduan,label_0
Tidak ingin kecanduan,label_0
tidak pernah,label_0
"Tidak, jadwal selalu beruntut setiap harinya, dan jika terdapat jadwal kosong maka akan mengisi dengan kegiatan kumpul bersama teman/keluarga",label_0
"Tidak pernah, hal ini hanya dilakukan disela waktu liburan yang lama",label_0
"Tidak waktu adalah uang, waktu berarti berharga jadi sebisa mungkin menurut saya menggunakan waktu untuk hal-hal yang positif",label_0
"Tidak, waktu selalu saya usahakan untuk digunakan dengan hal-hal yang baik",label_0
Tidak pernah. setiap jadwal dan kegiatan sudah ada waktu yang terencanakan,label_0
"Tidak pernah, jadwal yang kosong lebih saya gunakan untuk kegiatan lain yang bersifat lebih baik",label_0
"Tidak pernah, waktu yang saya miliki sudah terjadwal",label_0
"Ga separah itu sih, klo mau nonton ya nonton aja",label_0
tidak suka nonton,label_0
Saya banyak meghabiskan kegiatan di perkuliahan tidak ada waktu untuk menonton pornografi,label_0
Tidak,label_0
"Tidak, sudah banyak kegiatan sehingga pikiran tidak tertuju kekonten pornografi",label_0
tidak suka,label_0
Saya tidak pernah mengatur jadwal saya terhadap hal tersebut,label_0
Sama sekali tidak pernah,label_0
tidak mengatur jadwal walaupun Melihat porno tak kenal waktu tapi biasanya waktu2 rawan tuh malam,label_0
Ya ga pernah..,label_0
Saya tidak sekecanduan itu sampai bikin jadwal,label_0
Tidak pernah kepikiran,label_0
tidak pernah Saya aja gabut.. ngapain bikin jadwal,label_0
"tidak pernahMelihat porno kan malam hari ngapain sampai ngatur jadwal, kadang kalau tidak terlalu sibuk ya ada kesempatan",label_0
Tidak pernah kepikiran sampai mengatur jadwal,label_0
Saya kurang sibuk ngapain ngatur jadwal,label_0
Melihat saat waktu senggang aja,label_0
"G pernah kepikiran sih, kalau inget aja",label_0
Tidak pernah kepikiran sampai kesitu,label_0
"Tidak pernah menolak, kumpul bersama teman lebih prioritas",label_0
Asal positif saya akan mengusahakan untuk ikut kegiatan,label_0
"Tidak, selagi sempat dan bisa waktu kumpul adalah hal yang akan saya lakukan. Hal ini akan lebih bermanfaat dari pada harus berdiam diri menonton pornografi",label_0
"Tidak pernah, aktivitas tersebut lebih baik. Dan bisa kita lakukan saat diwaktu luang untuk menghindari keinginan nonton pornografi saat sendirian (saat diwaktu santai)",label_0
"Tidak pernah, selagi ada waktu maka saya akan lebih mengutamakan kegiatan sosial yang lebih bermanfaat dan berdampak positif",label_0
Nonton porno malem doang,label_0
"Jika berada dalam situasi tersebut, saya lebih suka berinteraksi secara sosial daripada menghabiskan waktu menonton pornografi.",label_0
Bermain dgn teman lebih enk,label_0
"Tidak, setiap ajakan teman jika itu positif akan lebih mengutamakan",label_0
waktu dgn teman lebih penting,label_0
Tidak pernah saya menolak ajakan bersosialisasi ingin menonton pornografi,label_0
Sama sekali bukan saya,label_0
Kesempatan nonton porno itu malam hari lebih enak,label_0
Menonton kalau memang lagi setress aja,label_0
kesempatan nonton pornografi biasanya malam soo yeah tidak ada kegiatan sosial,label_0
"Saya melihat saat tidak ada kerjaan saja, bener2 senggang",label_0
Tidak pernah berfikiran seperti itu,label_0
Kalau melihat waktu malam hari diatas jam 9,label_0
Melihat porno waktu malam hari jadi aman,label_0
Jika ada kegitan saya tidak berbuat itu,label_0
wkatu dgn teman lebih penting,label_0
karna tidak pernah,label_0
Tidak ketergantungan,label_0
tidak pernah menolak ajakan teman apabila keluar,label_0
melihatnya tengah malam jadi ya tidak ada alasan untuk menolak,label_0
"Tidak pernah menolak, karna ya melihat porno pada saat tengah malam/dini hari",label_0
Engga pernah sih soalnya nontonnya juga waktu malem jam2 sebelum tidur,label_0
Ngga sampai segitunya sih,label_0
bertemu dgn temen tapi lebih penting,label_0
Ya karna waktunya malam hari sekitar jam 10an keatas,label_0
"Untuk saat ini tidak, sudah berkelurga, dan kelurga lebih menjadi prioritas utama.",label_0
Tidak proritas saya untuk saat ini adalah kerjaan dan keluarga,label_0
"Tidak pernah, pekerjaan akan lebih penting dan lebih terjamin untuk masa depan.",label_0
"Tidak pernah, karean prioritas lebih diatas segalanya. Prioritas akan berlajan beriringan dengan kebutuhan hidup yang lain",label_0
Tidak pernah prioritas penting berarti hal utama dalam hidup saya yang harus saya utamakan,label_0
Ga segila itu saya,label_0
Saya selalu menempatkan jadwal kuliah saya dalam prioritas dan harus mengerjakan sesuatu menurut skala prioritas.,label_0
"Tidak, hal prioritas tetap lebih ditambahkan selanjutnya bisa memilih aktivitas lain namun yang positif",label_0
agar kegiatan cpt selesai,label_0
Tidak pernah sama sekali,label_0
Prinsip saya prioritas penting tetap yang utama,label_0
Kerjaan saya selesai siang hari,label_0
Saya kurang sibuk jadi ya tidak ada prioritas penting,label_0
Melihat porno waktu senggang saja,label_0
Jika ada kegitan tdk menonton itu,label_0
tidak pernah menunda prioritas,label_0
Tidak sampai sejauh itu,label_0
tidak pernah menunda,label_0
Saya tetap mengutamakan prioritas penting,label_0
"Tidak pernah, prioritas merupakan kebutuhan utama yang lebih wajib dilaksanakan",label_0
Prioritas penting lebih utama,label_0
Malah prioritas penting harus selesai dulu biar tenang,label_0
Menonton di waktu senggang saja,label_0
"Tidak, saya lebih mengutamakan proritas, proritas lebih diatas segalanya",label_0
Saya masih punya kesadaran penting,label_0
"Tidak pernah, tidak pernah menonton",label_0
Cowok mah biasa,label_0
Biasa aja ya udah besar,label_0
Ga pernah ngerasa kayak gitu malah termotivasi,label_0
"Online maupun offline, menurut saya belum saat nya, mengingat usia saya yang masih belasan, harus menakar hal-hal yang dilihat di media sosial",label_0
Saking seringnya mungkin udah terbiasa sampai tahap ya yaudahlah,label_0
Biasa aja,label_0
Biasa aja sih yang saya rasain,label_0
"Tidak tertekan, saya selalu bersusah untuk menghindari hal tersebut (tidak tahu rasanya)",label_0
Belum pernah ngerasain tertekan,label_0
Malah bikin segar,label_0
Malah beban saya hilang walau sedikit,label_0
Malah pornografi buat pelepas penat,label_0
"Tidak pernah, tidak tahu (tidak menonton)",label_0
Tidak pernah ( tidak merasakan) tidak terlibat ke konten-konten pornografi,label_0
Menurut saya biasa aja,label_0
"Tidak , sebisa mungkin sellau menghindari baik dari iklan maupun sesuatu hal yang mengarah ke konten tersebut",label_0
Biasa aja sih,label_0
Kerjaan saya sudah selesai melihat porno ya hiburan aja,label_0
Biasa saja,label_0
Malah melihat porno membantu saya,label_0
Justru melihat pornografi menghilangkan tekanan,label_0
Biasa aja sih yang saya rasakan,label_0
"Tidak, tidak tahu dan berusaha menghindari",label_0
Tidak pernah tidak tahu,label_0
Tidak pernah ( tidak tahu dan tidak terlibat),label_0
B aja,label_0
Yang saya rasain ya biasa aja soalnya nonton bentar,label_0
Yang ada mah makin seger,label_0
Tidak ada kaitan nya.,label_0
"Tidak, tidak tahu (belum pernah merasakan terjumus ke hal yang berbau pornografi)",label_0
sama sekali tidak,label_0
Saya sadar akan dampak negatif dari pornografi online.,label_1
jarang buka konten porno mungkin sebulan 1-3 kali,label_1
"Karna terkadang saya suka membaca cerita 18+, karna menurut saya cerita seperti itu menarik.",label_1
Karna iseng aja,label_1
Mending langsung,label_1
"nontonnya jarang, tp pernah beberapa kali kalau ada yg viral",label_1
saya sangat jarang menonton konten negatif tersebut,label_1
Saya sering memiliki keinginan untuk membuka situs porno jika sedang sendirian,label_1
Jarang nonton,label_1
"Pernah mengalaminya, sekarang tingkatnya jauh berkurang",label_1
saya merasa biasa saja jika tidak menonton nya,label_1
saya cukup sering mengonsumsi hal tsb,label_1
Tidak terlalu sering,label_1
Karna pernah lewat di iklan,label_1
Karna saya merasa ketika menonton video porno bisa menambah pengalaman saya dan memuaskan nafsu.,label_1
"Saya merasa agak sering menonton pornografi, tetapi tidak sesering itu",label_1
Karna terkadang sulit untuk mengontrol nafsu. Tapi terkadang juga saya dapat mengontrol nya dengan baik,label_1
Seru,label_1
Tidak menarik,label_1
Tidak tertarik pada hal yang berbau pornografi,label_1
Tidak tertarik,label_1
"Sama kek yang diatas, ga tertarik sama pornography",label_1
tidak pernah,label_1
memang engga sya cenderung mengalihkan,label_1
Saya merasa memiliki kontrol diri yang baik sehingga jika tidak ingin maka tidak ingin,label_1
Pornografi dapat membakar kuota dan diri sendiri ke nereka jahannam,label_1
Nilai moral dan agama saya tidak memperbolehkan nya,label_1
kalau ga nonton ya biasa aja,label_1
Merasa bisa mengendalikan hasrat,label_1
Biasanya pornografi itu bisa terjadi kalau ada yg mentrigger. Jadi kalo ga ada yg mentrigger jarang tertarik,label_1
tidak pernah menonton,label_1
Tidak lebih memilih melakukan hal yang lebih positif,label_1
Karna saya tidak tertarik,label_1
Karna merusak hidup saya,label_1
Saya tidak sama sekali tertarik dengan pornografi,label_1
tidak pernah spt itu,label_1
tidak suka menonton,label_1
tidak suka,label_1
Sangat jarang saya tertarik terhadap pornografi jika tidak menontonnya,label_1
Terkadang saya sedikit tertarik terhadap pornografi,label_1
ya karna ada kesibukan lain,label_1
pornografi tidak menarik bagi saya,label_1
Terlalu berlebihan,label_1
Ga tertarik pornographyyy,label_1
Ya sibuk,label_1
"Jikalau saya menonton, tidak akan ada jadwal terstruktur untuk hal yang begituan",label_1
Godaan saat sendiri sangatlah dahsyat,label_1
Saya lebih memilih waktu dan energi untuk sesuatu yang lebih produktif,label_1
tidak sering,label_1
Selow aja brodi,label_1
"Hal itu biasanya ga bsa diduga dan dijadwal, tiba"" ada temen yg ngasi liat",label_1
Karna tidak penting,label_1
tidak pernah,label_1
karna sibuk,label_1
Ga tertarik nonton pornography,label_1
Ya berkumpul lebih seru,label_1
Sangat tidak logis memilih kesenangan sementara daripada kebutuhan sosialisasi,label_1
banyak proker organisasi dan saya harus bekerja dan belajar demi masa depan yg cerah,label_1
Saya tidak tertarik,label_1
tidak candu,label_1
Interaksi sosial bersama teman/keluarga lebih menyenangkan untuk menghabiskan waktu,label_1
Saya lebih suka bersosialisasi drpada menonton pornografi,label_1
Gk tertarik,label_1
Sama yg kek diatas,label_1
Ya gitu,label_1
"Sekali lagi, menurut saya pornografi adalah hal yang buruk sehingga skala prioritas nya berada di paling bawah",label_1
"saya hanya menontonnya tatkala salah scroll ig atau ada syahwat saja, kan tidak mungkin nonton kl ga bersyahwat",label_1
tidak terlalu penting,label_1
"menurutt saya pornografi bukan hal yang prioritas, itu hanya selingan di obrolan tongkrongan",label_1
Karna porn tidak menarik,label_1
Tidak pernah tertekan,label_1
Saya merasa biasa saja jika tidak sengaja melihat konten pornografi dalam bentuk iklan,label_1
"Ga tertekan, cm kek malu dan ganyaman",label_1
Saya merasa biasa saja,label_1
"Tertekan tidak, malu saja",label_1
tidak tertekan,label_1
Saya tidak pernah melihat nya,label_1
"Tidak, karna saya merasa senang setelah membaca cerita 18+ itu.",label_1
"Tidak tahu, sampai sekarang belum pernah menonton (dan diusahakan tidak akan pernah)",label_1
saya tidak perna merasa tertekan sama sekali,label_1
Tidak tertekan dan gelisah berusaha menghindari menonton,label_1
Tidak,label_1
Nggak tertekan malah enak,label_1
tidak merasa tertekan,label_1
tidak pernah merasa tertekan,label_1
Tertekan dikit soalnya capek nonton,label_1
Malah liat porno penghilang setress walau presentasi nya dikit,label_1
Beban saya berkurang dikit,label_1
Malah seneng,label_1
karna tidak suka,label_1
Bukan tertekan lebih ke menyesal,label_1
Melihat pornografi tekanan dari diri saya lumayan berkurang,label_1
Tidak tertarik melihat hal hal yang berbau pornografi,label_1
Tidak pernah merasa sakit,label_1
"Ga sakit, cm malu dan ga nyaman",label_1
Saya tidak mengalami masalah setelah melihat hal tersebut,label_1
Bingung,label_1
Saya tidak pernah melihat,label_1
"Tidak, karna saya merasa sudah ter entertain setelah membaca cerita 18+ itu.",label_1
"Tidak tahu, tidak pernah merasakan",label_1
"Tidak, saya menghindari untuk tidak menontonnya",label_1
tidak merasa sakit,label_1
karna jarang nonton jadi tidak tau,label_1
Saket hati karna sudah pernah janji bakalan gak nonton lagi,label_1
"Tidak merasa tertekan, tidak melakukan hal-hal yang berbau pornografi (menonton)",label_1
tidak karena hanya Beberapa kali menonton,label_0
tidak karena saya berhasil menahannya nafsu,label_0
Saya jarang menonton pornografi,label_0
saya tidak melihat konten pornografi di internet dengan sengaja,label_0
Tidak tertarik,label_0
Ga tertarik nonton porno,label_0
tidak tertarik sama sekali,label_0
jarang Nonton hanya waktu senggang dan tidak candu,label_0
tidak yakin saya kecanduan saya hanya menonton nya beberapa kali,label_0
tidak tertarik Karna kalau udah kecanduan pornografi akan merusak hidup rusak,label_0
tidak kecanduan karena Saya berpendapat bahwa pornografi akan lebih merusak pikiran,label_0
Belum kecanduan selalu mencari kegiatan yang bisa dilakukan agar lebih produktif,label_0
"Tidak, hanya sekedar senang menonton",label_0
Tidak no online/offline terhadap hal yang berbau pornografi,label_0
"Tidak, menurut saya konten pornografi akan menyebabkan kecanduan yang bisa merusak",label_0
"Tidak, saya berusaha selalu teguh pendirian. Sekali berprinsip tidak, maka tidak",label_0
"Tidak pernah, saya lebih menghangari dan mengutamakan prinsip. ( tidak untuk menikmati konten-konten pornografi )",label_0
"Tidak tertarik, bisa mengontrol diri sendiri. Mengerti batasan untuk diri sendiri, mana yang boleh dilakukan mana yang tidak",label_0
"Dari feeling saya sih engga kecanduan, biasa biasa aja",label_0
tidak suka nonton dan tidak kecanduan,label_0
kurang suka menonton seperti itu,label_0
Saya tidak pernah tertarik kepada pornografi,label_0
Tidak tertarik dan tidak merasa kecanduan,label_0
Tidak ingin kecanduan,label_0
tidak pernah,label_0
"Tidak, jadwal selalu beruntut setiap harinya, dan jika terdapat jadwal kosong maka akan mengisi dengan kegiatan kumpul bersama teman/keluarga",label_0
"Tidak pernah, hal ini hanya dilakukan disela waktu liburan yang lama",label_0
"Tidak waktu adalah uang, waktu berarti berharga jadi sebisa mungkin menurut saya menggunakan waktu untuk hal-hal yang positif",label_0
"Tidak, waktu selalu saya usahakan untuk digunakan dengan hal-hal yang baik",label_0
Tidak pernah. setiap jadwal dan kegiatan sudah ada waktu yang terencanakan,label_0
"Tidak pernah, jadwal yang kosong lebih saya gunakan untuk kegiatan lain yang bersifat lebih baik",label_0
"Tidak pernah, waktu yang saya miliki sudah terjadwal",label_0
"Ga separah itu sih, klo mau nonton ya nonton aja",label_0
tidak suka nonton,label_0
Saya banyak meghabiskan kegiatan di perkuliahan tidak ada waktu untuk menonton pornografi,label_0
Tidak,label_0
"Tidak, sudah banyak kegiatan sehingga pikiran tidak tertuju kekonten pornografi",label_0
tidak suka,label_0
Saya tidak pernah mengatur jadwal saya terhadap hal tersebut,label_0
Sama sekali tidak pernah,label_0
tidak mengatur jadwal walaupun Melihat porno tak kenal waktu tapi biasanya waktu2 rawan tuh malam,label_0
Ya ga pernah..,label_0
Saya tidak sekecanduan itu sampai bikin jadwal,label_0
Tidak pernah kepikiran,label_0
tidak pernah Saya aja gabut.. ngapain bikin jadwal,label_0
"tidak pernahMelihat porno kan malam hari ngapain sampai ngatur jadwal, kadang kalau tidak terlalu sibuk ya ada kesempatan",label_0
Tidak pernah kepikiran sampai mengatur jadwal,label_0
Saya kurang sibuk ngapain ngatur jadwal,label_0
Melihat saat waktu senggang aja,label_0
"G pernah kepikiran sih, kalau inget aja",label_0
Tidak pernah kepikiran sampai kesitu,label_0
"Tidak pernah menolak, kumpul bersama teman lebih prioritas",label_0
Asal positif saya akan mengusahakan untuk ikut kegiatan,label_0
"Tidak, selagi sempat dan bisa waktu kumpul adalah hal yang akan saya lakukan. Hal ini akan lebih bermanfaat dari pada harus berdiam diri menonton pornografi",label_0
"Tidak pernah, aktivitas tersebut lebih baik. Dan bisa kita lakukan saat diwaktu luang untuk menghindari keinginan nonton pornografi saat sendirian (saat diwaktu santai)",label_0
"Tidak pernah, selagi ada waktu maka saya akan lebih mengutamakan kegiatan sosial yang lebih bermanfaat dan berdampak positif",label_0
Nonton porno malem doang,label_0
"Jika berada dalam situasi tersebut, saya lebih suka berinteraksi secara sosial daripada menghabiskan waktu menonton pornografi.",label_0
Bermain dgn teman lebih enk,label_0
"Tidak, setiap ajakan teman jika itu positif akan lebih mengutamakan",label_0
waktu dgn teman lebih penting,label_0
Tidak pernah saya menolak ajakan bersosialisasi ingin menonton pornografi,label_0
Sama sekali bukan saya,label_0
Kesempatan nonton porno itu malam hari lebih enak,label_0
Menonton kalau memang lagi setress aja,label_0
kesempatan nonton pornografi biasanya malam soo yeah tidak ada kegiatan sosial,label_0
"Saya melihat saat tidak ada kerjaan saja, bener2 senggang",label_0
Tidak pernah berfikiran seperti itu,label_0
Kalau melihat waktu malam hari diatas jam 9,label_0
Melihat porno waktu malam hari jadi aman,label_0
Jika ada kegitan saya tidak berbuat itu,label_0
wkatu dgn teman lebih penting,label_0
karna tidak pernah,label_0
Tidak ketergantungan,label_0
tidak pernah menolak ajakan teman apabila keluar,label_0
melihatnya tengah malam jadi ya tidak ada alasan untuk menolak,label_0
"Tidak pernah menolak, karna ya melihat porno pada saat tengah malam/dini hari",label_0
Engga pernah sih soalnya nontonnya juga waktu malem jam2 sebelum tidur,label_0
Ngga sampai segitunya sih,label_0
bertemu dgn temen tapi lebih penting,label_0
Ya karna waktunya malam hari sekitar jam 10an keatas,label_0
"Untuk saat ini tidak, sudah berkelurga, dan kelurga lebih menjadi prioritas utama.",label_0
Tidak proritas saya untuk saat ini adalah kerjaan dan keluarga,label_0
"Tidak pernah, pekerjaan akan lebih penting dan lebih terjamin untuk masa depan.",label_0
"Tidak pernah, karean prioritas lebih diatas segalanya. Prioritas akan berlajan beriringan dengan kebutuhan hidup yang lain",label_0
Tidak pernah prioritas penting berarti hal utama dalam hidup saya yang harus saya utamakan,label_0
Ga segila itu saya,label_0
Saya selalu menempatkan jadwal kuliah saya dalam prioritas dan harus mengerjakan sesuatu menurut skala prioritas.,label_0
"Tidak, hal prioritas tetap lebih ditambahkan selanjutnya bisa memilih aktivitas lain namun yang positif",label_0
agar kegiatan cpt selesai,label_0
Tidak pernah sama sekali,label_0
Prinsip saya prioritas penting tetap yang utama,label_0
Kerjaan saya selesai siang hari,label_0
Saya kurang sibuk jadi ya tidak ada prioritas penting,label_0
Melihat porno waktu senggang saja,label_0
Jika ada kegitan tdk menonton itu,label_0
tidak pernah menunda prioritas,label_0
Tidak sampai sejauh itu,label_0
tidak pernah menunda,label_0
Saya tetap mengutamakan prioritas penting,label_0
"Tidak pernah, prioritas merupakan kebutuhan utama yang lebih wajib dilaksanakan",label_0
Prioritas penting lebih utama,label_0
Malah prioritas penting harus selesai dulu biar tenang,label_0
Menonton di waktu senggang saja,label_0
"Tidak, saya lebih mengutamakan proritas, proritas lebih diatas segalanya",label_0
Saya masih punya kesadaran penting,label_0
"Tidak pernah, tidak pernah menonton",label_0
Cowok mah biasa,label_0
Biasa aja ya udah besar,label_0
Ga pernah ngerasa kayak gitu malah termotivasi,label_0
"Online maupun offline, menurut saya belum saat nya, mengingat usia saya yang masih belasan, harus menakar hal-hal yang dilihat di media sosial",label_0
Saking seringnya mungkin udah terbiasa sampai tahap ya yaudahlah,label_0
Biasa aja,label_0
Biasa aja sih yang saya rasain,label_0
"Tidak tertekan, saya selalu bersusah untuk menghindari hal tersebut (tidak tahu rasanya)",label_0
Belum pernah ngerasain tertekan,label_0
Malah bikin segar,label_0
Malah beban saya hilang walau sedikit,label_0
Malah pornografi buat pelepas penat,label_0
"Tidak pernah, tidak tahu (tidak menonton)",label_0
Tidak pernah ( tidak merasakan) tidak terlibat ke konten-konten pornografi,label_0
Menurut saya biasa aja,label_0
"Tidak , sebisa mungkin sellau menghindari baik dari iklan maupun sesuatu hal yang mengarah ke konten tersebut",label_0
Biasa aja sih,label_0
Kerjaan saya sudah selesai melihat porno ya hiburan aja,label_0
Biasa saja,label_0
Malah melihat porno membantu saya,label_0
Justru melihat pornografi menghilangkan tekanan,label_0
Biasa aja sih yang saya rasakan,label_0
"Tidak, tidak tahu dan berusaha menghindari",label_0
Tidak pernah tidak tahu,label_0
Tidak pernah ( tidak tahu dan tidak terlibat),label_0
B aja,label_0
Yang saya rasain ya biasa aja soalnya nonton bentar,label_0
Yang ada mah makin seger,label_0
Tidak ada kaitan nya.,label_0
"Tidak, tidak tahu (belum pernah merasakan terjumus ke hal yang berbau pornografi)",label_0
sama sekali tidak,label_0
Saya sadar akan dampak negatif dari pornografi online.,label_0
jarang buka konten porno mungkin sebulan 1-3 kali,label_0
"Karna terkadang saya suka membaca cerita 18+, karna menurut saya cerita seperti itu menarik.",label_0
Karna iseng aja,label_0
Mending langsung,label_0
"nontonnya jarang, tp pernah beberapa kali kalau ada yg viral",label_0
saya sangat jarang menonton konten negatif tersebut,label_0
Saya sering memiliki keinginan untuk membuka situs porno jika sedang sendirian,label_0
Jarang nonton,label_0
"Pernah mengalaminya, sekarang tingkatnya jauh berkurang",label_0
saya merasa biasa saja jika tidak menonton nya,label_0
saya cukup sering mengonsumsi hal tsb,label_0
Tidak terlalu sering,label_0
Karna pernah lewat di iklan,label_0
Karna saya merasa ketika menonton video porno bisa menambah pengalaman saya dan memuaskan nafsu.,label_0
"Saya merasa agak sering menonton pornografi, tetapi tidak sesering itu",label_0
Karna terkadang sulit untuk mengontrol nafsu. Tapi terkadang juga saya dapat mengontrol nya dengan baik,label_0
Seru,label_0
Tidak menarik,label_0
Tidak tertarik pada hal yang berbau pornografi,label_0
Tidak tertarik,label_0
"Sama kek yang diatas, ga tertarik sama pornography",label_0
tidak pernah,label_0
memang engga sya cenderung mengalihkan,label_0
Saya merasa memiliki kontrol diri yang baik sehingga jika tidak ingin maka tidak ingin,label_0
Pornografi dapat membakar kuota dan diri sendiri ke nereka jahannam,label_0
Nilai moral dan agama saya tidak memperbolehkan nya,label_0
kalau ga nonton ya biasa aja,label_0
Merasa bisa mengendalikan hasrat,label_0
Biasanya pornografi itu bisa terjadi kalau ada yg mentrigger. Jadi kalo ga ada yg mentrigger jarang tertarik,label_0
tidak pernah menonton,label_0
Tidak lebih memilih melakukan hal yang lebih positif,label_0
Karna saya tidak tertarik,label_0
Karna merusak hidup saya,label_0
Saya tidak sama sekali tertarik dengan pornografi,label_0
tidak pernah spt itu,label_0
tidak suka menonton,label_0
tidak suka,label_0
Sangat jarang saya tertarik terhadap pornografi jika tidak menontonnya,label_0
Terkadang saya sedikit tertarik terhadap pornografi,label_0
ya karna ada kesibukan lain,label_0
pornografi tidak menarik bagi saya,label_0
Terlalu berlebihan,label_0
Ga tertarik pornographyyy,label_0
Ya sibuk,label_0
"Jikalau saya menonton, tidak akan ada jadwal terstruktur untuk hal yang begituan",label_0
Godaan saat sendiri sangatlah dahsyat,label_0
Saya lebih memilih waktu dan energi untuk sesuatu yang lebih produktif,label_0
tidak sering,label_0
Selow aja brodi,label_0
"Hal itu biasanya ga bsa diduga dan dijadwal, tiba"" ada temen yg ngasi liat",label_0
Karna tidak penting,label_0
tidak pernah,label_0
karna sibuk,label_0
Ga tertarik nonton pornography,label_0
Ya berkumpul lebih seru,label_0
Sangat tidak logis memilih kesenangan sementara daripada kebutuhan sosialisasi,label_0
banyak proker organisasi dan saya harus bekerja dan belajar demi masa depan yg cerah,label_0
Saya tidak tertarik,label_0
tidak candu,label_0
Interaksi sosial bersama teman/keluarga lebih menyenangkan untuk menghabiskan waktu,label_0
Saya lebih suka bersosialisasi drpada menonton pornografi,label_0
Gk tertarik,label_0
Sama yg kek diatas,label_0
Ya gitu,label_0
"Sekali lagi, menurut saya pornografi adalah hal yang buruk sehingga skala prioritas nya berada di paling bawah",label_0
"saya hanya menontonnya tatkala salah scroll ig atau ada syahwat saja, kan tidak mungkin nonton kl ga bersyahwat",label_0
tidak terlalu penting,label_0
"menurutt saya pornografi bukan hal yang prioritas, itu hanya selingan di obrolan tongkrongan",label_0
Karna porn tidak menarik,label_0
Tidak pernah tertekan,label_0
Saya merasa biasa saja jika tidak sengaja melihat konten pornografi dalam bentuk iklan,label_0
"Ga tertekan, cm kek malu dan ganyaman",label_0
Saya merasa biasa saja,label_0
"Tertekan tidak, malu saja",label_0
tidak tertekan,label_0
Saya tidak pernah melihat nya,label_0
"Tidak, karna saya merasa senang setelah membaca cerita 18+ itu.",label_0
"Tidak tahu, sampai sekarang belum pernah menonton (dan diusahakan tidak akan pernah)",label_0
saya tidak perna merasa tertekan sama sekali,label_0
Tidak tertekan dan gelisah berusaha menghindari menonton,label_0
Tidak,label_0
Nggak tertekan malah enak,label_0
tidak merasa tertekan,label_0
tidak pernah merasa tertekan,label_0
Tertekan dikit soalnya capek nonton,label_0
Malah liat porno penghilang setress walau presentasi nya dikit,label_0
Beban saya berkurang dikit,label_0
Malah seneng,label_0
karna tidak suka,label_0
Bukan tertekan lebih ke menyesal,label_0
Melihat pornografi tekanan dari diri saya lumayan berkurang,label_0
Tidak tertarik melihat hal hal yang berbau pornografi,label_0
Tidak pernah merasa sakit,label_0
"Ga sakit, cm malu dan ga nyaman",label_0
Saya tidak mengalami masalah setelah melihat hal tersebut,label_0
Bingung,label_0
Saya tidak pernah melihat,label_0
"Tidak, karna saya merasa sudah ter entertain setelah membaca cerita 18+ itu.",label_0
"Tidak tahu, tidak pernah merasakan",label_0
"Tidak, saya menghindari untuk tidak menontonnya",label_0
tidak merasa sakit,label_0
karna jarang nonton jadi tidak tau,label_0
Saket hati karna sudah pernah janji bakalan gak nonton lagi,label_0
"Tidak merasa tertekan, tidak melakukan hal-hal yang berbau pornografi (menonton)",label_0
sepertinya karena Kayaknya wajar ga sih semua orang kek gitu,label_2
"Sempat kecanduan, waktu masih umur 20an. penasaran dan terbawa pergaulan teman",label_2
jarang melihat,label_2
tidak pernah menonton,label_2
"Tidak kecanduan, lebih melakukan hal-hal yang lebih terarah",label_2
"Tidak, tidak melihat hal-hal yang berbau pornografi",label_2
benar aku yakin kecanduan pornografi,label_2
Saya rasa saya netral dibagian ini,label_2
"Saya merasa sangat suka dengan pornografi, tidak ada yang salah dengan hal tersebut",label_2
tidak terlalu yakin karena Sudah dapat mengontrol nafsu untuk tidak melakukan hal tersebut,label_2
Saya tidak terlalu merasa kecanduan,label_2
Saya suka sekali dengan pornografi dan selalu ingin menontonnya kembali,label_2
sedikit sering menonton,label_2
Saya gabisa kalo ga nonton porno sehari aja,label_2
tidak terlalu yakin dan berusaha untuk tidak pernah melihat atau mencari sesuatu yang berbau pornografi,label_2
tidak kecanduan porn,label_2
Saya merasa suka dengan pornografi,label_2
saya merasakan sedikit kecanduan dengan pornografi,label_2
Suka nonton film erotis,label_2
Karna saya sangat jarang melakukan itu,label_2
Tidak pernah,label_2
"Iya, saya sering kecanduan dan merasakan terlalu dekat dengan pornografi",label_2
"Belum pernah dan mencoba untuk tidak pernah, efek dari kecanduan pornogarafi yang sangat bahaya sehingga berusaha untuk menghindari",label_2
internet buat saya adalah satu-satunya gerbang untuk mendapatkan pornografi,label_2
saya terkadang suka,label_2
"ya terkadang, karena sebagai manusia itu adalah hal yang waja tertarik dengan sexual",label_2
"sedikit tertarik karena Jaman sekarang tuh pornografi di internet sering muncul , jangan kan sengaja membukanya diiklan pun sering lewat",label_2
"Walaupun intensitas sudah sangat berkurang, tidak dapat dipungkiri terkadang masih",label_2
terkadang saya tertarik apalagi jika ada hook,label_2
saya menggunakan pornografi saat ingin saja,label_2
saya penasaran,label_2
sedikit menarik dan menyenangkan untuk dibaca.,label_2
"terkadang saya merasa tertarik, terkadang juga tidak",label_2
netral karena Sudah dapat mengontrol nafsu untuk tidak melakukan hal tersebut,label_2
"terkadang, karena pengaruh sosmed",label_2
ketika melihat hal-hal yang membawa ke pornografi saya akan tertarik untuk menonton pornografi,label_2
Kadang-kadang kalau hormon baru naik aja,label_2
Kadang kalau ada penyebabnya kayak misal ngga sengaja liat foto ga senonoh jadi tertarik padahal pengen tobat,label_2
Cuman waktu hormon lagi naik aja,label_2
terkadang ketika nafsu,label_2
Sebagai seorang lelaki pasti akan tertarik,label_2
terkadang saya tertarik kepada pornografi,label_2
terkadang karena sistim algoritma atau pengaturan dari media sosial seperti explore Instagram juga menyelipkan unsur-unsur pornografi bahkan ketika saya tidak pernah membuka/mencari akun maupun konten yang mengandung unsur pornografi,label_2
saya tidak begitu tertarik dengan hal seperti itu secara online,label_2
masih ada iman,label_2
jarang nonton jadi ga tertarik amat,label_2
Saya jarang melakukannya,label_2
Saya tidak mengatur jadwal khusus,label_2
"terkadang saya mengatur, tapi sering nya tidak",label_2
pernah melakukan hal tersebut,label_2
"Hal tersebut sudah biasa untuk seorang anak remaja yg pastinya akan mengonsumi kontent tersebut walaupun jarang, apalagi jarang berolahraga dan tanpa kesibukan lain akan mudah sekali untuk mengonsumsi pornografi",label_2
Sangat jarang saya mengatur jadwal untuk menonton pornografi,label_2
Jarang sekali saya mengatur jadwal untuk hal tidak penting,label_2
Karna jarang saya jarang melakukan itu,label_2
"Pernah kepikiran ""wah nanti malem pokoknya aku nonton""",label_2
Meluangkan waktu untuk pelepas setres,label_2
Kalau kepikiran,label_2
Haha sering tapi g banget pernah kepikiran pokoknya kerjaan selesai terus malemnya nonton,label_2
pokoknya kalau malam ya nonton,label_2
"Terkadang saya tidak perlu sendirian untuk melihat konten tersebut, terkadang nobar bersama teman",label_2
Sesekali iya,label_2
"Pernah terjadi, sekarang sudah tidak",label_2
Kalau dalam konteks melihat pornografi tidak pernah,label_2
Karna saya dapat membedakan mana yang prioritas dan yang tidak.,label_2
saya selalu prioritaskan pekerjaan saya,label_2
"tentu tidak, tetapi pornografi terkadang menjadi bahan pelarian saya",label_2
Kadang kalau beneran baru jenuh,label_2
Kalau tugas belum selesai aja,label_2
Kadang-kadang aja pelampiasan kalau kerjaan susah banget dikerjain,label_2
Terkadang saya menyesal,label_2
Tidak tidak menontonnya,label_2
Biasa aj,label_2
Mungkin karna dah keseringan jadi saya g malu malu banget,label_2
kadang-kadang malu,label_2
kadang merasa lebih tenang,label_2
Biasa ajq,label_2
Ga terlalu malu sih soalnya temen2ku juga terang2an liat porno,label_2
Awal-awal malu lama2 terbiasa,label_2
Awal awal lihat malu tapi ya lama kelamaan yaudah b aja,label_2
Sebenernya antara malu sama ga sadar diri aja duh gmna ya jelasinnya,label_2
Kadang-kadang,label_2
Kalau ketahuan ya malu,label_2
Saya masih punya harga diri,label_2
tidak ada yang tau jika saya melihatnya,label_2
tidak tau,label_2
Tertekan dalam segi takut akan ada orang yang melihat,label_2
Karna lagi ga asyik aja,label_2
"Merasa apa ya, agak bingung menjelaskannya. Bukan yg malu, bukan juga senang, bukan juga yg puas atau apapun itu. Merasa berdosa ğŸ¤",label_2
Masih suka ketagihan jadi g terlalu merasa tertekan la ya,label_2
"Ngga, malah puas",label_2
"tentu tidak, walaupun terkadang ada sedikit rasa bersalah",label_2
Biasa aja,label_2
Saking seringnya iya,label_2
Kalau kelamaan makin tertekan,label_2
Jika setelah manstrubasi,label_2
"Kadang iya kadang engga, apalagi pornografi dalam bentuk cerita kadang konfliknya berat banget jadi nambah tertekan",label_2
"Tertekan sih tidak, tetapi lebih kdng menyesal aja",label_2
Terkadang saya tertekan dan terkadang saya enjoy melihat nya,label_2
Tidak terlalu,label_2
Kadang merasa tertekan namun juga kadang biasa saja,label_2
Saya merasa biasa saja,label_2
"Sakit dalam segi spiritual, mengingat menonton pornografi ada dosa yang sangat besar",label_2
Ingat betul dulu saking seringnya jadi lebih mudah terserang penyakit flu,label_2
saya tidak merasa sakit setelah melihat pronografi online,label_2
Tidak pernah merasa sakit secara fisik,label_2
Sejauh ini paling hanya sakit kepala saja pusing,label_2
Pernah beberapa kali dahulu saat menonton. Menurut saya muncul hasrat seksual yang kurang bisa tersalurkan oleh usia saya yang dulu masih muda,label_2
terkadang merasakan tidak enak telah berbuat dosa,label_2
jarang sekali sakit,label_2
tidak merasa sakit,label_2
jarang merasa sakit,label_2
Sakit mata kalau nonton bener2 gelap,label_2
Sakit kepala iya jikalau keseringan/kelamaan,label_2
Sakit kepala kalau kelamaan menonton,label_2
"Iya,mental sedikit terganggu",label_2
Kalau kelamaan melihat,label_2
Kalau kelamaan melihat jadi sakit kepala,label_2
Saya merasa sedikit sakit pada bagian kemaluan terlalu sering onani,label_2
Tidak pernah merasakan sakit setelah menonton nya,label_2
terkadang iya,label_2
sepertinya karena Kayaknya wajar ga sih semua orang kek gitu,label_2
"Sempat kecanduan, waktu masih umur 20an. penasaran dan terbawa pergaulan teman",label_2
jarang melihat,label_2
tidak pernah menonton,label_2
"Tidak kecanduan, lebih melakukan hal-hal yang lebih terarah",label_2
"Tidak, tidak melihat hal-hal yang berbau pornografi",label_2
benar aku yakin kecanduan pornografi,label_2
Saya rasa saya netral dibagian ini,label_2
"Saya merasa sangat suka dengan pornografi, tidak ada yang salah dengan hal tersebut",label_2
tidak terlalu yakin karena Sudah dapat mengontrol nafsu untuk tidak melakukan hal tersebut,label_2
Saya tidak terlalu merasa kecanduan,label_2
Saya suka sekali dengan pornografi dan selalu ingin menontonnya kembali,label_2
sedikit sering menonton,label_2
Saya gabisa kalo ga nonton porno sehari aja,label_2
tidak terlalu yakin dan berusaha untuk tidak pernah melihat atau mencari sesuatu yang berbau pornografi,label_2
tidak kecanduan porn,label_2
Saya merasa suka dengan pornografi,label_2
saya merasakan sedikit kecanduan dengan pornografi,label_2
Suka nonton film erotis,label_2
Karna saya sangat jarang melakukan itu,label_2
Tidak pernah,label_2
"Iya, saya sering kecanduan dan merasakan terlalu dekat dengan pornografi",label_2
"Belum pernah dan mencoba untuk tidak pernah, efek dari kecanduan pornogarafi yang sangat bahaya sehingga berusaha untuk menghindari",label_2
internet buat saya adalah satu-satunya gerbang untuk mendapatkan pornografi,label_2
saya terkadang suka,label_2
"ya terkadang, karena sebagai manusia itu adalah hal yang waja tertarik dengan sexual",label_2
"sedikit tertarik karena Jaman sekarang tuh pornografi di internet sering muncul , jangan kan sengaja membukanya diiklan pun sering lewat",label_2
"Walaupun intensitas sudah sangat berkurang, tidak dapat dipungkiri terkadang masih",label_2
terkadang saya tertarik apalagi jika ada hook,label_2
saya menggunakan pornografi saat ingin saja,label_2
saya penasaran,label_2
sedikit menarik dan menyenangkan untuk dibaca.,label_2
"terkadang saya merasa tertarik, terkadang juga tidak",label_2
netral karena Sudah dapat mengontrol nafsu untuk tidak melakukan hal tersebut,label_2
"terkadang, karena pengaruh sosmed",label_2
ketika melihat hal-hal yang membawa ke pornografi saya akan tertarik untuk menonton pornografi,label_2
Kadang-kadang kalau hormon baru naik aja,label_2
Kadang kalau ada penyebabnya kayak misal ngga sengaja liat foto ga senonoh jadi tertarik padahal pengen tobat,label_2
Cuman waktu hormon lagi naik aja,label_2
terkadang ketika nafsu,label_2
Sebagai seorang lelaki pasti akan tertarik,label_2
terkadang saya tertarik kepada pornografi,label_2
terkadang karena sistim algoritma atau pengaturan dari media sosial seperti explore Instagram juga menyelipkan unsur-unsur pornografi bahkan ketika saya tidak pernah membuka/mencari akun maupun konten yang mengandung unsur pornografi,label_2
saya tidak begitu tertarik dengan hal seperti itu secara online,label_2
masih ada iman,label_2
jarang nonton jadi ga tertarik amat,label_2
Saya jarang melakukannya,label_2
Saya tidak mengatur jadwal khusus,label_2
"terkadang saya mengatur, tapi sering nya tidak",label_2
pernah melakukan hal tersebut,label_2
"Hal tersebut sudah biasa untuk seorang anak remaja yg pastinya akan mengonsumi kontent tersebut walaupun jarang, apalagi jarang berolahraga dan tanpa kesibukan lain akan mudah sekali untuk mengonsumsi pornografi",label_2
Sangat jarang saya mengatur jadwal untuk menonton pornografi,label_2
Jarang sekali saya mengatur jadwal untuk hal tidak penting,label_2
Karna jarang saya jarang melakukan itu,label_2
"Pernah kepikiran ""wah nanti malem pokoknya aku nonton""",label_2
Meluangkan waktu untuk pelepas setres,label_2
Kalau kepikiran,label_2
Haha sering tapi g banget pernah kepikiran pokoknya kerjaan selesai terus malemnya nonton,label_2
pokoknya kalau malam ya nonton,label_2
"Terkadang saya tidak perlu sendirian untuk melihat konten tersebut, terkadang nobar bersama teman",label_2
Sesekali iya,label_2
"Pernah terjadi, sekarang sudah tidak",label_2
Kalau dalam konteks melihat pornografi tidak pernah,label_2
Karna saya dapat membedakan mana yang prioritas dan yang tidak.,label_2
saya selalu prioritaskan pekerjaan saya,label_2
"tentu tidak, tetapi pornografi terkadang menjadi bahan pelarian saya",label_2
Kadang kalau beneran baru jenuh,label_2
Kalau tugas belum selesai aja,label_2
Kadang-kadang aja pelampiasan kalau kerjaan susah banget dikerjain,label_2
Terkadang saya menyesal,label_2
Tidak tidak menontonnya,label_2
Biasa aj,label_2
Mungkin karna dah keseringan jadi saya g malu malu banget,label_2
kadang-kadang malu,label_2
kadang merasa lebih tenang,label_2
Biasa ajq,label_2
Ga terlalu malu sih soalnya temen2ku juga terang2an liat porno,label_2
Awal-awal malu lama2 terbiasa,label_2
Awal awal lihat malu tapi ya lama kelamaan yaudah b aja,label_2
Sebenernya antara malu sama ga sadar diri aja duh gmna ya jelasinnya,label_2
Kadang-kadang,label_2
Kalau ketahuan ya malu,label_2
Saya masih punya harga diri,label_2
tidak ada yang tau jika saya melihatnya,label_2
tidak tau,label_2
Tertekan dalam segi takut akan ada orang yang melihat,label_2
Karna lagi ga asyik aja,label_2
"Merasa apa ya, agak bingung menjelaskannya. Bukan yg malu, bukan juga senang, bukan juga yg puas atau apapun itu. Merasa berdosa ğŸ¤",label_2
Masih suka ketagihan jadi g terlalu merasa tertekan la ya,label_2
"Ngga, malah puas",label_2
"tentu tidak, walaupun terkadang ada sedikit rasa bersalah",label_2
Biasa aja,label_2
Saking seringnya iya,label_2
Kalau kelamaan makin tertekan,label_2
Jika setelah manstrubasi,label_2
"Kadang iya kadang engga, apalagi pornografi dalam bentuk cerita kadang konfliknya berat banget jadi nambah tertekan",label_2
"Tertekan sih tidak, tetapi lebih kdng menyesal aja",label_2
Terkadang saya tertekan dan terkadang saya enjoy melihat nya,label_2
Tidak terlalu,label_2
Kadang merasa tertekan namun juga kadang biasa saja,label_2
Saya merasa biasa saja,label_2
"Sakit dalam segi spiritual, mengingat menonton pornografi ada dosa yang sangat besar",label_2
Ingat betul dulu saking seringnya jadi lebih mudah terserang penyakit flu,label_2
saya tidak merasa sakit setelah melihat pronografi online,label_2
Tidak pernah merasa sakit secara fisik,label_2
Sejauh ini paling hanya sakit kepala saja pusing,label_2
Pernah beberapa kali dahulu saat menonton. Menurut saya muncul hasrat seksual yang kurang bisa tersalurkan oleh usia saya yang dulu masih muda,label_2
terkadang merasakan tidak enak telah berbuat dosa,label_2
jarang sekali sakit,label_2
tidak merasa sakit,label_2
jarang merasa sakit,label_2
Sakit mata kalau nonton bener2 gelap,label_2
Sakit kepala iya jikalau keseringan/kelamaan,label_2
Sakit kepala kalau kelamaan menonton,label_2
"Iya,mental sedikit terganggu",label_2
Kalau kelamaan melihat,label_2
Kalau kelamaan melihat jadi sakit kepala,label_2
Saya merasa sedikit sakit pada bagian kemaluan terlalu sering onani,label_2
Tidak pernah merasakan sakit setelah menonton nya,label_2
terkadang iya,label_2
saya agak yakin karena sering nonton,label_3
agak sedikit yakin saya kencanduan,label_3
saya sepertinya kencaduan,label_3
terkadang saya merasa kencaduan,label_3
tidak suka nonton,label_3
ridak suka melihat,label_3
tidak suka,label_3
"Tidak kecanduan, tidak terlibat didalamnya",label_3
tidak kecanduan tp kadang-kadang liat,label_3
Di trending Twitter sering tidak sengaja lewat kayak gitu jadi ya kepancing,label_3
Merasa ingin nonton secara terus menerus,label_3
"Gatau juga ya, aku lemah iman banget",label_3
sering nonton,label_3
sering menonton,label_3
kurang suka menonton spt itu,label_3
Akhir akhir ini iya,label_3
Akhir-akhir ini lumayan setress berat jadi pelariannya kesitu,label_3
suka menonton,label_3
saya rasa kencaduan karena Seminggu ini full menonton porno tiap malam,label_3
saya terkadang merasa kecanduan,label_3
sedikit kecanduan karena menonton pornografi kalau hormon baru naik aja,label_3
saya sedikit kecanduan karena ketika bernafsu saya akan melampiaskan ke pornografi,label_3
sedikit kecanduan karena sesekali untuk Pelepas setres,label_3
Kadang kadang saya merasa kecanduan,label_3
saya rasa kecanduan karena Hormon saya tinggi,label_3
Kadang lebih memilih hal tersebut daripada bermain keluar,label_3
terkadang saya merasakan hal tersebut,label_3
terkadang menolak kegiatan sosial untuk menonton,label_3
akan saya tolak,label_3
Saya terkadang mengatur jadwal ketika malam sebelum saya tidur,label_3
Karna itu sudah seperti kebutuhan individu bagi saya,label_3
saya menikmati pornografi sendirian,label_3
Harus teratur,label_3
Karna saya merasa sehari sekali harus menonton video porno,label_3
Agar tidak ketauan siapa siapa jadi harus secara individual,label_3
jika pun harus menonton pornografi saya berusaha untuk mengatur jadwal yang sesuai,label_3
Biasanya sebelum tidur tetapi jadwal tersebut tidak tertata dan hanya dilakukan ketiak saya mau,label_3
saya menonton pornografi ketika bingung mau ngapain,label_3
tidak tau mau ngapain jadi langsung mengarah kesana,label_3
Saya jadwalin malam hari,label_3
terkadang saya mengatur jadwal untuk nonton,label_3
Saya sibuk banget,label_3
"pornografi merupakan konsumsi pribadi dan juga tidak baik, sehingga mengatur jadwal untuk pornografi merupakan pilihan realistis",label_3
saya hanya kepo terhadap sesuatu yang viral,label_3
saya melakukan hal tersebut agar tidak stress,label_3
Beberapa kali pernah melakukan hal tersebut,label_3
saya suka banget untuk melihat pornografi dan terkadang menunda pekerjaan saya,label_3
Kadang kalo lagi 'pengen' banget ya nunda aktivitas lain dulu,label_3
Kalau baru setress banget aja,label_3
Kalau pikiran lagi jenuh,label_3
Kalau bener2 setress sih iya,label_3
Terkadang saya suka menunda prioritas seperti tugas dan kewajiban untuk menonton pornografi,label_3
ketika saya ingin Buang buang waktu,label_3
Malu terhadap martabat diri sendiri ketimbang dengan orang lain,label_3
"Kalo lewat di beranda sosmed, gasuka aja liatnya. I dont think it is appropriate content buat socmed",label_3
saya merasa malu setelah merasa puas,label_3
berasa seakan saya yg melakukannya,label_3
"Merasa apa ya, agak bingung menjelaskannya. Bukan yg malu, bukan juga senang, bukan juga yg puas atau apapun itu",label_3
Terkadang saya malu tapi saya tidak tau kenapa,label_3
"Dulu saat masih menonton biasanya malu, saat ada orang lain (kepergok)",label_3
"Malu, jika sampai melihat/menonton pornografi. hal tersebut masih sangat tabu",label_3
Biasa hal itu sering di zaman sekrng,label_3
"Hal ini , apabila vidio pornografi ditonton akan menimbulkan efek yang luar biasa. Bisa ke arah psikologi",label_3
"ya, dapat merusak pikiran",label_3
suatu hal yg buruk,label_3
kurang nyaman dan gelisah,label_3
kadang-kadang merasa malu,label_3
"Sering banget ngerasain gitu, kok aku jadi gini",label_3
Saya merasa tidak cukup umur untuk melihat konten pornografi,label_3
Malu sih iya selagi tidak ketahuan gapapa,label_3
"Malu, malu kepada diri sendiri dan malu kepada Tuhan.",label_3
merasa negeri telah rusak,label_3
seharusnya tidak perlu dilakukan,label_3
saya merasa melakukan kesalahan,label_3
"Pernah beberapa kali menjadi gelisah dan uring-uringan.
Selanjutkan hal tersebut lah yang membuat saya bisa berhenti dan menghindari hal tersebut hingga sebelum menikah sampai sekarang",label_3
"Menurut saya hal ini terjadi dikan menyebabkan orang-orang yang menonton akan merasa tidak PD, tertekan",label_3
merusak pikiran,label_3
merasa tertekan bila nntn spt itu,label_3
saya tidak suka,label_3
Lebih sering nya sih merasa bersalah,label_3
Kalau keseringan makin tertekan,label_3
Kalau keseringan iya,label_3
Jadi overthingking takut ketahuan,label_3
iyaa takut ketahuan,label_3
mengganggu aktifitas sehari-hari,label_3
"Tidak, saya tidak merasakan sakit",label_3
Mengganggu pikiran saya,label_3
"karna saya merasa bahwa hal ini tidak seharusnya dilakukan, namun saya masih saja melakukannya",label_3
saya merasa tidak enak dan lelah secara mental,label_3
pikiran menjadi tidak tenang,label_3
Saya merasa overhelmed setelah menonton pornografi,label_3
Terkadang merasa bersalah setelah menonton hal tersebut,label_3
"Iyasih kadang ngerasa sakit, kenapa ya aku suka banget nonton film erotis????",label_3
"Sakit mata dan sakit kepala karna nontonnya kan malem, otomatis begadang juga",label_3
"Sakit mata, sakit kepala, saya kalau nonton begadang bisa 2jam",label_3
"Kalau kelamaan lihat, kepala jadi berat",label_3
"Klo sakit kepala sih iya, klo nonton kelamaan",label_3
Tidak sakit hanya menysal,label_3
Pusing iya kalau kelamaan melihat/menonton,label_3
Frekuensi melihat lebih dari satu jam sakit kepala sakit mata pedih gitu,label_3
Haha sakit mata sakit kepala,label_3
Kalau kelamaan melihat lebih dari 30 menit kepala terasa berat,label_3
Sakit kepala,label_3
menyebabkan gangguan jiwa dan gila,label_3
saya agak yakin karena sering nonton,label_3
agak sedikit yakin saya kencanduan,label_3
saya sepertinya kencaduan,label_3
terkadang saya merasa kencaduan,label_3
tidak suka nonton,label_3
ridak suka melihat,label_3
tidak suka,label_3
"Tidak kecanduan, tidak terlibat didalamnya",label_3
tidak kecanduan tp kadang-kadang liat,label_3
Di trending Twitter sering tidak sengaja lewat kayak gitu jadi ya kepancing,label_3
Merasa ingin nonton secara terus menerus,label_3
"Gatau juga ya, aku lemah iman banget",label_3
sering nonton,label_3
sering menonton,label_3
kurang suka menonton spt itu,label_3
Akhir akhir ini iya,label_3
Akhir-akhir ini lumayan setress berat jadi pelariannya kesitu,label_3
suka menonton,label_3
saya rasa kencaduan karena Seminggu ini full menonton porno tiap malam,label_3
saya terkadang merasa kecanduan,label_3
sedikit kecanduan karena menonton pornografi kalau hormon baru naik aja,label_3
saya sedikit kecanduan karena ketika bernafsu saya akan melampiaskan ke pornografi,label_3
sedikit kecanduan karena sesekali untuk Pelepas setres,label_3
Kadang kadang saya merasa kecanduan,label_3
saya rasa kecanduan karena Hormon saya tinggi,label_3
Kadang lebih memilih hal tersebut daripada bermain keluar,label_3
terkadang saya merasakan hal tersebut,label_3
terkadang menolak kegiatan sosial untuk menonton,label_3
akan saya tolak,label_3
Saya terkadang mengatur jadwal ketika malam sebelum saya tidur,label_3
Karna itu sudah seperti kebutuhan individu bagi saya,label_3
saya menikmati pornografi sendirian,label_3
Harus teratur,label_3
Karna saya merasa sehari sekali harus menonton video porno,label_3
Agar tidak ketauan siapa siapa jadi harus secara individual,label_3
jika pun harus menonton pornografi saya berusaha untuk mengatur jadwal yang sesuai,label_3
Biasanya sebelum tidur tetapi jadwal tersebut tidak tertata dan hanya dilakukan ketiak saya mau,label_3
saya menonton pornografi ketika bingung mau ngapain,label_3
tidak tau mau ngapain jadi langsung mengarah kesana,label_3
Saya jadwalin malam hari,label_3
terkadang saya mengatur jadwal untuk nonton,label_3
Saya sibuk banget,label_3
"pornografi merupakan konsumsi pribadi dan juga tidak baik, sehingga mengatur jadwal untuk pornografi merupakan pilihan realistis",label_3
saya hanya kepo terhadap sesuatu yang viral,label_3
saya melakukan hal tersebut agar tidak stress,label_3
Beberapa kali pernah melakukan hal tersebut,label_3
saya suka banget untuk melihat pornografi dan terkadang menunda pekerjaan saya,label_3
Kadang kalo lagi 'pengen' banget ya nunda aktivitas lain dulu,label_3
Kalau baru setress banget aja,label_3
Kalau pikiran lagi jenuh,label_3
Kalau bener2 setress sih iya,label_3
Terkadang saya suka menunda prioritas seperti tugas dan kewajiban untuk menonton pornografi,label_3
ketika saya ingin Buang buang waktu,label_3
Malu terhadap martabat diri sendiri ketimbang dengan orang lain,label_3
"Kalo lewat di beranda sosmed, gasuka aja liatnya. I dont think it is appropriate content buat socmed",label_3
saya merasa malu setelah merasa puas,label_3
berasa seakan saya yg melakukannya,label_3
"Merasa apa ya, agak bingung menjelaskannya. Bukan yg malu, bukan juga senang, bukan juga yg puas atau apapun itu",label_3
Terkadang saya malu tapi saya tidak tau kenapa,label_3
"Dulu saat masih menonton biasanya malu, saat ada orang lain (kepergok)",label_3
"Malu, jika sampai melihat/menonton pornografi. hal tersebut masih sangat tabu",label_3
Biasa hal itu sering di zaman sekrng,label_3
"Hal ini , apabila vidio pornografi ditonton akan menimbulkan efek yang luar biasa. Bisa ke arah psikologi",label_3
"ya, dapat merusak pikiran",label_3
suatu hal yg buruk,label_3
kurang nyaman dan gelisah,label_3
kadang-kadang merasa malu,label_3
"Sering banget ngerasain gitu, kok aku jadi gini",label_3
Saya merasa tidak cukup umur untuk melihat konten pornografi,label_3
Malu sih iya selagi tidak ketahuan gapapa,label_3
"Malu, malu kepada diri sendiri dan malu kepada Tuhan.",label_3
merasa negeri telah rusak,label_3
seharusnya tidak perlu dilakukan,label_3
saya merasa melakukan kesalahan,label_3
"Pernah beberapa kali menjadi gelisah dan uring-uringan.
Selanjutkan hal tersebut lah yang membuat saya bisa berhenti dan menghindari hal tersebut hingga sebelum menikah sampai sekarang",label_3
"Menurut saya hal ini terjadi dikan menyebabkan orang-orang yang menonton akan merasa tidak PD, tertekan",label_3
merusak pikiran,label_3
merasa tertekan bila nntn spt itu,label_3
saya tidak suka,label_3
Lebih sering nya sih merasa bersalah,label_3
Kalau keseringan makin tertekan,label_3
Kalau keseringan iya,label_3
Jadi overthingking takut ketahuan,label_3
iyaa takut ketahuan,label_3
mengganggu aktifitas sehari-hari,label_3
"Tidak, saya tidak merasakan sakit",label_3
Mengganggu pikiran saya,label_3
"karna saya merasa bahwa hal ini tidak seharusnya dilakukan, namun saya masih saja melakukannya",label_3
saya merasa tidak enak dan lelah secara mental,label_3
pikiran menjadi tidak tenang,label_3
Saya merasa overhelmed setelah menonton pornografi,label_3
Terkadang merasa bersalah setelah menonton hal tersebut,label_3
"Iyasih kadang ngerasa sakit, kenapa ya aku suka banget nonton film erotis????",label_3
"Sakit mata dan sakit kepala karna nontonnya kan malem, otomatis begadang juga",label_3
"Sakit mata, sakit kepala, saya kalau nonton begadang bisa 2jam",label_3
"Kalau kelamaan lihat, kepala jadi berat",label_3
"Klo sakit kepala sih iya, klo nonton kelamaan",label_3
Tidak sakit hanya menysal,label_3
Pusing iya kalau kelamaan melihat/menonton,label_3
Frekuensi melihat lebih dari satu jam sakit kepala sakit mata pedih gitu,label_3
Haha sakit mata sakit kepala,label_3
Kalau kelamaan melihat lebih dari 30 menit kepala terasa berat,label_3
Sakit kepala,label_3
menyebabkan gangguan jiwa dan gila,label_3
semenjak pertama kali saya berani kayak gitu jadi kecanduan,label_4
karena saya kecanduan,label_4
saya merasa kecanduan,label_4
yakin kecanduan,label_4
yakin banget kecanduan,label_4
kecanduan karena di Tiktok banyak cewe merangsang hormon saya,label_4
Saya merasa kecanduan terhadap pornografi,label_4
Saya merasa kecanduan pornografi,label_4
Saya tiap hari membaca cerita yang berbau porno,label_4
ketergantungan,label_4
saya suka nonton film porno,label_4
Gabut berujung kecanduan,label_4
"Yakin banget, soalnya saya tiap hari melihat entah disengaja atau tidak disengaja",label_4
iya saya merasa saya kecanduan pornografi,label_4
"Netral, saya merasa tidak kecanduan tetapi terkadang juga suka menonton pornografi",label_4
Akhir akhir ini lumayan sering,label_4
Tiap hari saya melihat gituan,label_4
Tiap hari melihat,label_4
Tiap hari melihat jadi kecanduan,label_4
Akhir-akhir ini setress trs cari pelampiasan,label_4
Mau bentuk video/karya tulisan/karya dalam bentuk gambar tiap hari saya lihat,label_4
Iman saya lemah,label_4
Kalau hormon lagi tinggi wih bisa parah buat cari pelampiasan,label_4
Akhir akhir ini kayak gitu,label_4
Terkadang sayang merasa sangat tertarik ketika melihat wanita dan mulai membayangkan yang hal yang vulgar,label_4
"Saya tidak tahu alasannya, perasaan itu muncul tiba-tiba saja",label_4
Nikmat,label_4
Terkadang saya merasa ingin terus-terusan menonton pornografi,label_4
Saya selalu hilang fokus jika sedang bekerja dan teringat dengan pornografi,label_4
Saya gabisa kalo ga nonton porno sehari aja,label_4
Rasanya ingin menonton walaupun sebentar,label_4
"Pikiran saya kotor banget, kadang datang secara tiba-tiba, ya kayak kepikiran aja",label_4
merasa kecanduan,label_4
Kepikiran mulu,label_4
Kayaknya hormon ku baru tinggi,label_4
Kalau tidak sengaja lihat jadi kepikiran,label_4
Ya karna baru pertamakali,label_4
Soalnya ceritanya juga seru,label_4
Saya mudah terpengaruh,label_4
sangat sering saya tertarik terhadap pornografi,label_4
Mungkin karna hormon saya baru tinggi-tingginya jadi mudah terpengaruh,label_4
"Media pornografinya berupa sketsa gambar gitu, gambarnya juga bagus bagus",label_4
Kadang tiba2 ngga sengaja lihat jadi pengen lihat lainnya pdhl mah pengen tobat,label_4
Dipengaruhi hormon,label_4
benar saya sering tertarik dengan pornografi online,label_4
Akhir akhir ini setress,label_4
Saya selalu menyediakan waktu setiap hari untuk menonton pornografi,label_4
"Saya gabisa kalo ga nonton porno sehari aja, biasanya suka ngatur tiap malem harus nonton",label_4
Jadwal tiap malam,label_4
Medianya memang semenarik itu,label_4
saya selalu mengatur jadwal pada malam hari sebelum tidur untuk melihat pornografi,label_4
Godaan saat sendiri sangatlah dahsyat,label_4
Agar tidak masuk ke lingkungan tersebut,label_4
Gk asik,label_4
Lebih memilih untuk membaur bersama teman-teman dengan syarat kegiatan yang dilakukan lebih positif,label_4
Terkadang saya merasa malas banget untuk bertemu dengan teman-teman saya,label_4
Kalau diajaknya malam jelas saya tolak,label_4
Kalau pornografi dalam bentuk karya tulisan dan ceritanya seru iya banget,label_4
Tidak pernah untuk mencuri kesempatan melihat demikian,label_4
lebih nikmat,label_4
Kadang kalau tugas lagi buanyak banget blm selesai2 ya saya sempetin,label_4
"Kalau baru suntuk banget, setress, iya saya tunda",label_4
Sering nunda tugas gara2 setress,label_4
Membaca cerita berbau porno lebih seru aja,label_4
"hal ini sangat perlu di cegah, memberikan dampak negatif",label_4
Karna melihat pornografi adalah hal yang memalukan,label_4
Menurut saya hal ini sangat tabu dan sebagai manusia beragama hal ini sangat berlawanan dengan prinsip beragama,label_4
"iya, saya sering merasa malu telah menonton pornografi",label_4
Malu ini merupakan sesuatu hal yang buruk,label_4
Karna setelah menonton tersadar bahwa ini merupakan sesuatu yang tidak seharusnya untuk dinonton. Dan malu karna kalah daripada hawa nafsu,label_4
saya merasa berdosa,label_4
Saya merasa bersalah,label_4
terkadang saya merasa malu,label_4
"tentu, sangat merasa malu",label_4
Saya merasa malu setelah menonton pornografi dan merasa bersalah terhadap diri saya sendiri,label_4
hal tersebut tidak sesuai dengan norma di masyarakat dan merusak tubuh,label_4
tentu saja aku merasa malu setelah menontonnya,label_4
tentu saya merasa sangat malu,label_4
Karna saya ngerasa dosa,label_4
Saya merasa bersalah dan malu setelah menonton pornografi,label_4
Kalau ketahuan ya saya malu,label_4
sangat merasa malu,label_4
Saya sering sadar diri tapi mencoba denial,label_4
Saya masih punya urat malu apalagi kalau ketahuan,label_4
"Saya masih punya rasa malu, apalagi kalau ketahuan",label_4
"Kalau ketahuan cewek iya malu banget, kalau sesama cowok temen Deket ya gapapa",label_4
setelah saya nonton saya menyesal,label_4
Sering sekali merasa malu dan berdosa,label_4
Tentunya saya merasa malu jika telah melanggar perintah agama dan menonton pornografi,label_4
Merasa bersalah ke Tuhan lebih tepatnya dan kepada malaikat pencatat amal,label_4
sering merasa malu,label_4
Tentunya saya sangat merasa malu setelah melihat pornografi,label_4
"Kadang malu, bayangin kasian pemain di Vidio itu pasti bakal kena sanksi sosial yg parah",label_4
Malu banget takut ketahuan,label_4
Saya sangat menyesal kepada Tuhan telah melakukan perbuatan yang memalukan tersebut,label_4
Dosa bro,label_4
Ya memang malu,label_4
sangat malu,label_4
maluuu banget,label_4
iya saya sering merasa bermasalah sehabis menonton pornografi,label_4
Saya takut jika saya mengulanginya lagi,label_4
Tontonannya mengganggu pola pikir saya,label_4
Berdosa banget,label_4
Saya merasa bersalah setelah melihat hal tersebut,label_4
Karna saya tau bahwa hal itu dosa,label_4
saya sering merasakan malu dan tertekan,label_4
"tentu, sangat merasa bersalah",label_4
Saya sering merasa tertekan tetapi saya tidak tau apakah itu pornografi,label_4
"tentu saya, batin ku berkata ada yang salah jika menonton pornografi",label_4
Saya merasakan tekanan di dada dan merasa bersalah setelah menonton pornografi,label_4
tidak suka nonton,label_4
sering merasa tertekan apabila menonton,label_4
Iya menyesal,label_4
sering sekali merasa berdosa dan bersalah,label_4
"sering, sering mersasa bersalah",label_4
"tentu, setelah menonton pornografi saya terkadang merasa tertekan dan bersalah",label_4
iya sering sakit,label_4
"Sakit mata cok, lihat hal yang berdosa begitu. Kadang juga merasa jijik",label_4
sering merasa sakit,label_4
terkadang saya merasakan hal aneh setelah tidak sengaja menonton pornografi,label_4
saya erasa tekadang merasakan penyesalan atau sedikit sakit di kepala,label_4
"Saya ngerasa dosa dan jijik, tapi enak",label_4
sering merasakan keram dan sakit,label_4
tidak nyaman,label_4
"Sakit kepala terus sakit mata sih, soalnya melihat porno kan begadang juga",label_4
"Sakit kepala, karna melihat porno dimalam hari sama aja begadang",label_4
Iya sakit kepala dan sakit mata,label_4
Ya imun tubuh menurun,label_4
